{"cameraMode":{"drawMode":0,"name":"Shaded","section":"Shading Mode"},"sceneLighting":false,"audioPlay":false,"sceneViewState":{"m_AlwaysRefresh":false,"showFog":true,"showSkybox":false,"showFlares":true,"showImageEffects":true,"showParticleSystems":true,"showVisualEffectGraphs":true,"m_FxEnabled":true},"in2DMode":false,"pivot":{"x":0.3820674419403076,"y":0.6879669427871704,"z":-3.2238426208496095},"rotation":{"x":-0.0818183496594429,"y":-0.3767567276954651,"z":0.033430758863687518,"w":-0.9220913052558899},"size":1.5544469356536866,"orthographic":false}