{"cameraMode":{"drawMode":0,"name":"Shaded","section":"Shading Mode"},"sceneLighting":false,"audioPlay":false,"sceneViewState":{"m_AlwaysRefresh":false,"showFog":true,"showSkybox":false,"showFlares":true,"showImageEffects":true,"showParticleSystems":true,"showVisualEffectGraphs":true,"m_FxEnabled":true},"in2DMode":false,"pivot":{"x":0.02517864853143692,"y":-1.6763806343078614e-8,"z":0.1464112251996994},"rotation":{"x":-0.02204194664955139,"y":0.9505670070648193,"z":-0.30187487602233889,"w":-0.06940875947475434},"size":0.21938952803611756,"orthographic":false}