{"cameraMode":{"drawMode":0,"name":"Shaded","section":"Shading Mode"},"sceneLighting":false,"audioPlay":false,"sceneViewState":{"m_AlwaysRefresh":false,"showFog":true,"showSkybox":false,"showFlares":true,"showImageEffects":true,"showParticleSystems":true,"showVisualEffectGraphs":true,"m_FxEnabled":true},"in2DMode":false,"pivot":{"x":3.5762786865234377e-7,"y":1.1644012928009034,"z":-0.11020994186401367},"rotation":{"x":0.2227746993303299,"y":0.19727694988250733,"z":-0.046086713671684268,"w":0.9535905718803406},"size":0.5312979817390442,"orthographic":false}