{"cameraMode":{"drawMode":0,"name":"Shaded","section":"Shading Mode"},"sceneLighting":false,"audioPlay":false,"sceneViewState":{"m_AlwaysRefresh":false,"showFog":true,"showSkybox":false,"showFlares":true,"showImageEffects":true,"showParticleSystems":true,"showVisualEffectGraphs":true,"m_FxEnabled":true},"in2DMode":false,"pivot":{"x":0.10936938971281052,"y":-0.01193780917674303,"z":0.26435962319374087},"rotation":{"x":0.6658017635345459,"y":-0.1617375612258911,"z":0.15112675726413728,"w":0.7125424146652222},"size":0.22142337262630464,"orthographic":true}