{"cameraMode":{"drawMode":0,"name":"Shaded","section":"Shading Mode"},"sceneLighting":false,"audioPlay":false,"sceneViewState":{"m_AlwaysRefresh":false,"showFog":true,"showSkybox":false,"showFlares":true,"showImageEffects":true,"showParticleSystems":true,"showVisualEffectGraphs":true,"m_FxEnabled":true},"in2DMode":false,"pivot":{"x":0.013672858476638794,"y":-0.015907973051071168,"z":0.195079043507576},"rotation":{"x":0.5033361911773682,"y":0.3393750488758087,"z":-0.2240525633096695,"w":0.7624216079711914},"size":0.23487527668476106,"orthographic":false}