{"cameraMode":{"drawMode":0,"name":"Shaded","section":"Shading Mode"},"sceneLighting":false,"audioPlay":false,"sceneViewState":{"m_AlwaysRefresh":false,"showFog":true,"showSkybox":false,"showFlares":true,"showImageEffects":true,"showParticleSystems":true,"showVisualEffectGraphs":true,"m_FxEnabled":true},"in2DMode":false,"pivot":{"x":0.5530446171760559,"y":1.1197850704193116,"z":0.06432698667049408},"rotation":{"x":0.07359229773283005,"y":0.7264097332954407,"z":-0.07875867933034897,"w":0.6787588596343994},"size":0.3511880040168762,"orthographic":true}