{"cameraMode":{"drawMode":0,"name":"Shaded","section":"Shading Mode"},"sceneLighting":false,"audioPlay":false,"sceneViewState":{"m_AlwaysRefresh":false,"showFog":true,"showSkybox":false,"showFlares":true,"showImageEffects":true,"showParticleSystems":true,"showVisualEffectGraphs":true,"m_FxEnabled":true},"in2DMode":false,"pivot":{"x":-5.960464477539063e-8,"y":0.05050259828567505,"z":0.06105244159698486},"rotation":{"x":0.01815478689968586,"y":-0.9817700982093811,"z":0.12735530734062196,"w":0.13994784653186799},"size":1.3736778497695923,"orthographic":false}