{"cameraMode":{"drawMode":0,"name":"Shaded","section":"Shading Mode"},"sceneLighting":false,"audioPlay":false,"sceneViewState":{"m_AlwaysRefresh":false,"showFog":true,"showSkybox":false,"showFlares":true,"showImageEffects":true,"showParticleSystems":true,"showVisualEffectGraphs":true,"m_FxEnabled":true},"in2DMode":false,"pivot":{"x":0.7467780113220215,"y":0.06926274299621582,"z":-0.023324251174926759},"rotation":{"x":0.2227746993303299,"y":0.19727694988250733,"z":-0.046086713671684268,"w":0.9535905718803406},"size":2.1655802726745607,"orthographic":false}