{"cameraMode":{"drawMode":0,"name":"Shaded","section":"Shading Mode"},"sceneLighting":false,"audioPlay":false,"sceneViewState":{"m_AlwaysRefresh":false,"showFog":true,"showSkybox":false,"showFlares":true,"showImageEffects":true,"showParticleSystems":true,"showVisualEffectGraphs":true,"m_FxEnabled":true},"in2DMode":false,"pivot":{"x":0.0009002164006233215,"y":0.136601060628891,"z":-0.26375842094421389},"rotation":{"x":0.07359229773283005,"y":0.7264097332954407,"z":-0.07875867933034897,"w":0.6787588596343994},"size":0.16472464799880982,"orthographic":true}