{"cameraMode":{"drawMode":0,"name":"Shaded","section":"Shading Mode"},"sceneLighting":false,"audioPlay":false,"sceneViewState":{"m_AlwaysRefresh":false,"showFog":true,"showSkybox":false,"showFlares":true,"showImageEffects":true,"showParticleSystems":true,"showVisualEffectGraphs":true,"m_FxEnabled":true},"in2DMode":false,"pivot":{"x":0.02193267270922661,"y":0.0010947119444608689,"z":0.12003304064273834},"rotation":{"x":0.5033361911773682,"y":0.3393750488758087,"z":-0.2240525633096695,"w":0.7624216079711914},"size":0.2155187427997589,"orthographic":false}