{"cameraMode":{"drawMode":0,"name":"Shaded","section":"Shading Mode"},"sceneLighting":true,"audioPlay":false,"sceneViewState":{"m_AlwaysRefresh":false,"showFog":true,"showSkybox":true,"showFlares":true,"showImageEffects":true,"showParticleSystems":true,"showVisualEffectGraphs":true,"m_FxEnabled":true},"in2DMode":false,"pivot":{"x":-0.11133457720279694,"y":-0.37985193729400637,"z":-0.33658862113952639},"rotation":{"x":0.22890757024288178,"y":-0.0189808402210474,"z":0.004464264027774334,"w":0.9732529520988464},"size":4.200507640838623,"orthographic":false}