{"cameraMode":{"drawMode":0,"name":"Shaded","section":"Shading Mode"},"sceneLighting":false,"audioPlay":false,"sceneViewState":{"m_AlwaysRefresh":false,"showFog":true,"showSkybox":false,"showFlares":true,"showImageEffects":true,"showParticleSystems":true,"showVisualEffectGraphs":true,"m_FxEnabled":true},"in2DMode":false,"pivot":{"x":-0.09480953216552735,"y":3.1233901977539064,"z":-3.9881582260131838},"rotation":{"x":0.00020714072161354125,"y":0.9976199269294739,"z":-0.06894514709711075,"w":0.0029925762210041286},"size":7.1984052658081059,"orthographic":true}