{"cameraMode":{"drawMode":0,"name":"Shaded","section":"Shading Mode"},"sceneLighting":false,"audioPlay":false,"sceneViewState":{"m_AlwaysRefresh":false,"showFog":true,"showSkybox":false,"showFlares":true,"showImageEffects":true,"showParticleSystems":true,"showVisualEffectGraphs":true,"m_FxEnabled":true},"in2DMode":false,"pivot":{"x":0.019288107752799989,"y":-0.001351785846054554,"z":0.12670652568340302},"rotation":{"x":0.3634031116962433,"y":-0.019286885857582094,"z":0.007523287087678909,"w":0.9314063191413879},"size":0.22142337262630464,"orthographic":true}