{"cameraMode":{"drawMode":0,"name":"Shaded","section":"Shading Mode"},"sceneLighting":false,"audioPlay":false,"sceneViewState":{"m_AlwaysRefresh":false,"showFog":true,"showSkybox":false,"showFlares":true,"showImageEffects":true,"showParticleSystems":true,"showVisualEffectGraphs":true,"m_FxEnabled":true},"in2DMode":false,"pivot":{"x":0.025672119110822679,"y":0.0036753304302692415,"z":0.1312539279460907},"rotation":{"x":0.45353612303733828,"y":-0.029138173907995225,"z":0.014836410991847515,"w":0.8906404972076416},"size":0.20996175706386567,"orthographic":true}