{"cameraMode":{"drawMode":0,"name":"Shaded","section":"Shading Mode"},"sceneLighting":false,"audioPlay":false,"sceneViewState":{"m_AlwaysRefresh":false,"showFog":true,"showSkybox":false,"showFlares":true,"showImageEffects":true,"showParticleSystems":true,"showVisualEffectGraphs":true,"m_FxEnabled":true},"in2DMode":false,"pivot":{"x":-1.1920928955078126e-7,"y":0.1592525839805603,"z":1.1920928955078126e-7},"rotation":{"x":0.01815478689968586,"y":-0.9817700982093811,"z":0.12735530734062196,"w":0.13994784653186799},"size":1.6439601182937623,"orthographic":false}